-- phpMyAdmin SQL Dump
-- version 4.8.5
-- https://www.phpmyadmin.net/
--
-- Servidor: localhost
-- Tiempo de generación: 03-09-2019 a las 15:04:54
-- Versión del servidor: 8.0.14
-- Versión de PHP: 7.2.18

SET SQL_MODE = "NO_AUTO_VALUE_ON_ZERO";
SET AUTOCOMMIT = 0;
START TRANSACTION;
SET time_zone = "+00:00";


/*!40101 SET @OLD_CHARACTER_SET_CLIENT=@@CHARACTER_SET_CLIENT */;
/*!40101 SET @OLD_CHARACTER_SET_RESULTS=@@CHARACTER_SET_RESULTS */;
/*!40101 SET @OLD_COLLATION_CONNECTION=@@COLLATION_CONNECTION */;
/*!40101 SET NAMES utf8mb4 */;

--
-- Base de datos: `MEXICANA`
--
CREATE DATABASE IF NOT EXISTS `MEXICANA` DEFAULT CHARACTER SET utf8 COLLATE utf8_general_ci;
USE `MEXICANA`;

-- --------------------------------------------------------

--
-- Estructura de tabla para la tabla `ACCESS_DRIVERS`
--

DROP TABLE IF EXISTS `ACCESS_DRIVERS`;
CREATE TABLE `ACCESS_DRIVERS` (
  `DRIVER_ID` int(10) UNSIGNED NOT NULL,
  `DRIVER_CAR` int(10) UNSIGNED NOT NULL,
  `DRIVER_PERSON` int(10) UNSIGNED NOT NULL,
  `DRIVER_IMEI` varchar(45) NOT NULL,
  `DRIVER_PIN` varchar(4) NOT NULL,
  `DRIVER_LICENCE` varchar(45) NOT NULL,
  `DRIVER_STATUS` enum('ACTIVE','BREAK','INACTIVE','DELETED','SUSPENDED') NOT NULL
) ENGINE=InnoDB DEFAULT CHARSET=utf8;

--
-- Volcado de datos para la tabla `ACCESS_DRIVERS`
--

INSERT INTO `ACCESS_DRIVERS` VALUES(1, 2020, 1, '0506', '0506', 'TETETETETE', 'ACTIVE');

-- --------------------------------------------------------

--
-- Estructura de tabla para la tabla `CORE_CALLS`
--

DROP TABLE IF EXISTS `CORE_CALLS`;
CREATE TABLE `CORE_CALLS` (
  `CALL_ID` int(10) UNSIGNED NOT NULL,
  `CALL_DAY_NUMBER` int(10) UNSIGNED NOT NULL,
  `CALL_LINE` varchar(3) DEFAULT NULL,
  `CALL_DATE_TIME` datetime NOT NULL,
  `CALL_TIMESTAMP` int(10) UNSIGNED NOT NULL,
  `CALL_PHONE` varchar(15) DEFAULT NULL,
  `CALL_STATUS` enum('NEW','CANCELLED','DISPATCHED','ON TRIP','COMPLETED') NOT NULL,
  `CALL_DISPATCH_DATE_TIME` datetime DEFAULT NULL,
  `CALL_DISPATCH_TIMESTAMP` int(11) DEFAULT NULL,
  `CALL_DISPATCH_TYPE` enum('DRIVER','DISPATCHER','AUTO') DEFAULT NULL,
  `CALL_REGISTER_TYPE` enum('CALL','OFFICE','APP') DEFAULT NULL,
  `CALL_OPERATOR` int(10) UNSIGNED DEFAULT NULL,
  `CALL_CAR_TYPE` enum('SEDAN','MINIVAN','SUV') NOT NULL
) ENGINE=InnoDB DEFAULT CHARSET=utf8;

--
-- Volcado de datos para la tabla `CORE_CALLS`
--

INSERT INTO `CORE_CALLS` VALUES(1, 1, '6', '2019-04-29 01:31:23', 1556501483, '9141234567', 'NEW', NULL, NULL, NULL, 'CALL', NULL, 'SEDAN');
INSERT INTO `CORE_CALLS` VALUES(2, 1, '6', '2019-05-11 17:17:49', 1557595069, '9141234567', 'NEW', NULL, NULL, NULL, 'CALL', NULL, 'SEDAN');
INSERT INTO `CORE_CALLS` VALUES(3, 1, '09', '2019-06-08 16:14:02', 1560010442, '9149999999', 'NEW', NULL, NULL, NULL, 'CALL', NULL, 'SEDAN');
INSERT INTO `CORE_CALLS` VALUES(4, 2, '6', '2019-06-08 16:15:39', 1560010539, '9141234567', 'NEW', NULL, NULL, NULL, 'CALL', NULL, 'SEDAN');
INSERT INTO `CORE_CALLS` VALUES(5, 3, '6', '2019-06-08 16:17:06', 1560010626, '9141234567', 'NEW', NULL, NULL, NULL, 'CALL', NULL, 'SEDAN');
INSERT INTO `CORE_CALLS` VALUES(6, 4, '6', '2019-06-08 16:21:54', 1560010914, '9141234567', 'NEW', NULL, NULL, NULL, 'CALL', NULL, 'SEDAN');
INSERT INTO `CORE_CALLS` VALUES(7, 5, '6', '2019-06-08 16:26:14', 1560011174, '9141234567', 'NEW', NULL, NULL, NULL, 'CALL', NULL, 'SEDAN');
INSERT INTO `CORE_CALLS` VALUES(8, 6, '6', '2019-06-08 16:34:28', 1560011668, '9141234567', 'NEW', NULL, NULL, NULL, 'CALL', NULL, 'SEDAN');
INSERT INTO `CORE_CALLS` VALUES(9, 7, '', '2019-06-08 16:37:52', 1560011872, '444555555', 'NEW', NULL, NULL, NULL, 'CALL', NULL, 'SEDAN');
INSERT INTO `CORE_CALLS` VALUES(10, 8, '33', '2019-06-08 16:56:55', 1560013015, '9999999999', 'NEW', NULL, NULL, NULL, 'CALL', NULL, 'SEDAN');
INSERT INTO `CORE_CALLS` VALUES(11, 9, '6', '2019-06-08 16:59:19', 1560013159, '9141234567', 'NEW', NULL, NULL, NULL, 'CALL', NULL, 'SEDAN');
INSERT INTO `CORE_CALLS` VALUES(12, 10, '6', '2019-06-08 17:40:44', 1560015644, '9141234567', 'NEW', NULL, NULL, NULL, 'CALL', NULL, 'SEDAN');
INSERT INTO `CORE_CALLS` VALUES(13, 11, '6', '2019-06-08 18:32:41', 1560018761, '9141234567', 'NEW', NULL, NULL, NULL, 'CALL', NULL, 'SEDAN');
INSERT INTO `CORE_CALLS` VALUES(14, 12, '6', '2019-06-08 18:34:44', 1560018884, '9141234567', 'NEW', NULL, NULL, NULL, 'CALL', NULL, 'SEDAN');
INSERT INTO `CORE_CALLS` VALUES(15, 13, '6', '2019-06-08 18:40:13', 1560019213, '9141234567', 'NEW', NULL, NULL, NULL, 'CALL', NULL, 'SEDAN');
INSERT INTO `CORE_CALLS` VALUES(16, 14, '6', '2019-06-08 19:23:35', 1560021815, '333333333', 'NEW', NULL, NULL, NULL, 'CALL', NULL, 'SEDAN');
INSERT INTO `CORE_CALLS` VALUES(17, 15, '3', '2019-06-08 19:29:17', 1560022157, '', 'NEW', NULL, NULL, NULL, 'CALL', NULL, 'SEDAN');
INSERT INTO `CORE_CALLS` VALUES(18, 16, '', '2019-06-08 20:53:31', 1560027211, '111111111', 'NEW', NULL, NULL, NULL, 'CALL', NULL, 'SEDAN');
INSERT INTO `CORE_CALLS` VALUES(19, 17, '1', '2019-06-08 20:56:11', 1560027371, '9145163616', 'NEW', NULL, NULL, NULL, 'CALL', NULL, 'SEDAN');
INSERT INTO `CORE_CALLS` VALUES(20, 18, '1', '2019-06-08 22:55:48', 1560034548, '9145547514', 'NEW', NULL, NULL, NULL, 'CALL', NULL, 'SEDAN');
INSERT INTO `CORE_CALLS` VALUES(21, 19, '1', '2019-06-08 22:57:01', 1560034621, '9145957477', 'NEW', NULL, NULL, NULL, 'CALL', NULL, 'SEDAN');
INSERT INTO `CORE_CALLS` VALUES(22, 20, '1', '2019-06-08 22:59:01', 1560034741, '9148994552', 'NEW', NULL, NULL, NULL, 'CALL', NULL, 'SEDAN');
INSERT INTO `CORE_CALLS` VALUES(23, 1, '6', '2019-08-29 18:42:40', 1567104160, '', 'NEW', NULL, NULL, NULL, 'CALL', NULL, 'SEDAN');

-- --------------------------------------------------------

--
-- Estructura de tabla para la tabla `CORE_PLACES`
--

DROP TABLE IF EXISTS `CORE_PLACES`;
CREATE TABLE `CORE_PLACES` (
  `PLACE_ID` int(10) UNSIGNED NOT NULL,
  `PLACE_MAPS_ID` varchar(45) NOT NULL,
  `PLACE_MAPS_COORD` varchar(200) NOT NULL,
  `PLACE_MAPS_NAME` varchar(250) NOT NULL,
  `PLACE_NUMBER` varchar(15) DEFAULT NULL,
  `PLACE_STREET` varchar(80) DEFAULT NULL,
  `PLACE_CITY` varchar(80) DEFAULT NULL,
  `PLACE_STATE` varchar(80) DEFAULT NULL,
  `PLACE_ZIP` varchar(15) DEFAULT NULL
) ENGINE=InnoDB DEFAULT CHARSET=utf8;

--
-- Volcado de datos para la tabla `CORE_PLACES`
--

INSERT INTO `CORE_PLACES` VALUES(1, '', '', 'Mexicana Car Service', '226', 'New Main Street', 'Yonkers', 'New York', '10701');
INSERT INTO `CORE_PLACES` VALUES(2, '', '', 'Yankee Stadium', '1', 'East 161 Street', '', 'New York', '10451');
INSERT INTO `CORE_PLACES` VALUES(3, '', '', 'Montes Apeninos 20', '20', 'Montes Apeninos', 'Heroica Puebla de Zaragoza', 'Puebla', '72250');
INSERT INTO `CORE_PLACES` VALUES(4, '', '', 'Ciudad Universitaria', '', '', 'Heroica Puebla de Zaragoza', 'Puebla', '72592');
INSERT INTO `CORE_PLACES` VALUES(5, '', '', 'The Plaza', '768', '5th Avenue', 'New York', 'New York', '10019');
INSERT INTO `CORE_PLACES` VALUES(6, '', '', 'White Castle', '257', 'South Broadway', 'Yonkers', 'New York', '10705');
INSERT INTO `CORE_PLACES` VALUES(7, '', '', 'ShopRite of Greenway Plaza', '25-43', 'Prospect Street', 'Yonkers', 'New York', '10701');
INSERT INTO `CORE_PLACES` VALUES(8, '', '', 'AutoZone Auto Parts', '286', 'South Broadway', 'Yonkers', 'New York', '10705');
INSERT INTO `CORE_PLACES` VALUES(9, '', '', 'Empire State Building', '20', 'West 34th Street', 'New York', 'New York', '10001');
INSERT INTO `CORE_PLACES` VALUES(10, '', '', 'Madison Square', '11', 'Madison Avenue', 'New York', 'New York', '10010');
INSERT INTO `CORE_PLACES` VALUES(11, '', '', 'Rockefeller Center', '45', 'Rockefeller Plaza', 'New York', 'New York', '10111');
INSERT INTO `CORE_PLACES` VALUES(12, '', '', 'Caridad & Louie\'s Restaurante', '187', 'South Broadway', 'Yonkers', 'New York', '10701');
INSERT INTO `CORE_PLACES` VALUES(13, '', '', 'Avant Gardner', '140', 'Stewart Avenue', '', 'New York', '11237');
INSERT INTO `CORE_PLACES` VALUES(14, '', '', 'MacDonald Park', '8720', 'Queens Boulevard', '', 'New York', '11375');
INSERT INTO `CORE_PLACES` VALUES(15, '', '', 'Hotel Plaza', '768', '5th Avenue', 'New York', 'New York', '10019');
INSERT INTO `CORE_PLACES` VALUES(16, '', '', 'Aeropuerto Internacional John F. Kennedy', '', '', '', 'New York', '11430');
INSERT INTO `CORE_PLACES` VALUES(17, '', '', 'Calle 11 Pte. 511', '511', 'Calle 11 Poniente', 'De Santa Maria Xixitla', 'Puebla', '72760');
INSERT INTO `CORE_PLACES` VALUES(18, '', '', 'Av 11 Pte 511', '511', 'Avenida 11 Poniente', 'Heroica Puebla de Zaragoza', 'Puebla', '72000');
INSERT INTO `CORE_PLACES` VALUES(19, '', '', '226 New Main St', '226', 'New Main Street', 'Yonkers', 'New York', '10701');
INSERT INTO `CORE_PLACES` VALUES(20, '', '', '145 Frederic St', '145', 'Frederic Street', 'Yonkers', 'New York', '10703');
INSERT INTO `CORE_PLACES` VALUES(21, '', '', '80 School St', '80', 'School Street', 'Yonkers', 'New York', '10701');
INSERT INTO `CORE_PLACES` VALUES(22, '', '', '110 Livingston Ave', '110', 'Livingston Avenue', 'Yonkers', 'New York', '10705');
INSERT INTO `CORE_PLACES` VALUES(23, '', '', 'Charles E. Gorton High School', '100', 'Shonnard Place', 'Yonkers', 'New York', '10703');
INSERT INTO `CORE_PLACES` VALUES(24, '', '', 'Roosevelt High School', '631', 'Tuckahoe Road', 'Yonkers', 'New York', '10710');
INSERT INTO `CORE_PLACES` VALUES(25, '', '', 'Liverpool Parque Puebla', '410', 'Calzada Ignacio Zaragoza', 'Heroica Puebla de Zaragoza', 'Puebla', '72220');

-- --------------------------------------------------------

--
-- Estructura de tabla para la tabla `CORE_TRIPS`
--

DROP TABLE IF EXISTS `CORE_TRIPS`;
CREATE TABLE `CORE_TRIPS` (
  `TRIP_ID` int(10) UNSIGNED NOT NULL,
  `TRIP_CALL` int(10) UNSIGNED NOT NULL,
  `TRIP_VEHICLE` int(10) UNSIGNED DEFAULT NULL,
  `TRIP_PICKUP` int(10) UNSIGNED NOT NULL,
  `TRIP_DESTINATION` int(10) UNSIGNED NOT NULL,
  `TRIP_STATUS` enum('REQUESTED','ONGOING','COMPLETED','CANCELLED') NOT NULL DEFAULT 'REQUESTED',
  `TRIP_AMOUNT` float NOT NULL,
  `TRIP_ETA` varchar(10) NOT NULL,
  `TRIP_START_TIME` int(10) UNSIGNED DEFAULT NULL,
  `TRIP_END_TIME` int(10) UNSIGNED DEFAULT NULL,
  `TRIP_DISTANCE` float DEFAULT NULL
) ENGINE=InnoDB DEFAULT CHARSET=utf8;

--
-- Volcado de datos para la tabla `CORE_TRIPS`
--

INSERT INTO `CORE_TRIPS` VALUES(1, 1, NULL, 1, 2, 'REQUESTED', 0, '', NULL, NULL, NULL);
INSERT INTO `CORE_TRIPS` VALUES(2, 2, NULL, 3, 4, 'REQUESTED', 0, '', NULL, NULL, NULL);
INSERT INTO `CORE_TRIPS` VALUES(3, 3, NULL, 1, 5, 'REQUESTED', 0, '', NULL, NULL, NULL);
INSERT INTO `CORE_TRIPS` VALUES(4, 4, NULL, 6, 1, 'REQUESTED', 0, '', NULL, NULL, NULL);
INSERT INTO `CORE_TRIPS` VALUES(5, 5, NULL, 7, 1, 'REQUESTED', 0, '', NULL, NULL, NULL);
INSERT INTO `CORE_TRIPS` VALUES(6, 6, NULL, 8, 1, 'REQUESTED', 0, '', NULL, NULL, NULL);
INSERT INTO `CORE_TRIPS` VALUES(7, 7, NULL, 9, 2, 'REQUESTED', 0, '', NULL, NULL, NULL);
INSERT INTO `CORE_TRIPS` VALUES(8, 8, NULL, 1, 2, 'REQUESTED', 0, '', NULL, NULL, NULL);
INSERT INTO `CORE_TRIPS` VALUES(9, 9, NULL, 10, 11, 'REQUESTED', 0, '', NULL, NULL, NULL);
INSERT INTO `CORE_TRIPS` VALUES(10, 10, NULL, 1, 12, 'REQUESTED', 0, '', NULL, NULL, NULL);
INSERT INTO `CORE_TRIPS` VALUES(11, 11, NULL, 2, 9, 'REQUESTED', 0, '', NULL, NULL, NULL);
INSERT INTO `CORE_TRIPS` VALUES(12, 12, NULL, 13, 1, 'REQUESTED', 0, '', NULL, NULL, NULL);
INSERT INTO `CORE_TRIPS` VALUES(13, 13, NULL, 1, 2, 'REQUESTED', 0, '', NULL, NULL, NULL);
INSERT INTO `CORE_TRIPS` VALUES(14, 14, NULL, 14, 15, 'REQUESTED', 0, '', NULL, NULL, NULL);
INSERT INTO `CORE_TRIPS` VALUES(15, 15, NULL, 1, 16, 'REQUESTED', 0, '', NULL, NULL, NULL);
INSERT INTO `CORE_TRIPS` VALUES(16, 16, NULL, 1, 9, 'REQUESTED', 0, '', NULL, NULL, NULL);
INSERT INTO `CORE_TRIPS` VALUES(17, 17, NULL, 9, 2, 'REQUESTED', 0, '', NULL, NULL, NULL);
INSERT INTO `CORE_TRIPS` VALUES(18, 18, NULL, 17, 3, 'REQUESTED', 0, '', NULL, NULL, NULL);
INSERT INTO `CORE_TRIPS` VALUES(19, 19, NULL, 18, 4, 'REQUESTED', 0, '', NULL, NULL, NULL);
INSERT INTO `CORE_TRIPS` VALUES(20, 20, NULL, 19, 20, 'REQUESTED', 0, '', NULL, NULL, NULL);
INSERT INTO `CORE_TRIPS` VALUES(21, 21, NULL, 21, 22, 'REQUESTED', 0, '', NULL, NULL, NULL);
INSERT INTO `CORE_TRIPS` VALUES(22, 22, NULL, 23, 24, 'REQUESTED', 0, '', NULL, NULL, NULL);
INSERT INTO `CORE_TRIPS` VALUES(23, 23, NULL, 4, 25, 'REQUESTED', 0, '', NULL, NULL, NULL);

-- --------------------------------------------------------

--
-- Estructura de tabla para la tabla `CORE_TRIP_STOPS`
--

DROP TABLE IF EXISTS `CORE_TRIP_STOPS`;
CREATE TABLE `CORE_TRIP_STOPS` (
  `TRIPSTOP_ID` int(10) UNSIGNED NOT NULL,
  `TRIPSTOP_PLACE` int(10) UNSIGNED NOT NULL,
  `TRIPSTOP_TRIP` int(10) UNSIGNED NOT NULL
) ENGINE=InnoDB DEFAULT CHARSET=utf8;

-- --------------------------------------------------------

--
-- Estructura de tabla para la tabla `CORE_VEHICLES`
--

DROP TABLE IF EXISTS `CORE_VEHICLES`;
CREATE TABLE `CORE_VEHICLES` (
  `VEHICLE_ID` int(10) UNSIGNED NOT NULL,
  `VEHICLE_PLATE` varchar(12) NOT NULL,
  `VEHICLE_YEAR` varchar(4) NOT NULL,
  `VEHICLE_MODEL` varchar(45) NOT NULL,
  `VEHICLE_MAKE` varchar(45) NOT NULL,
  `VEHICLE_COLOR` varchar(45) NOT NULL,
  `VEHICLE_TYPE` enum('SEDAN','MINIVAN','SUV') NOT NULL,
  `VEHICLE_OWNED` varchar(1) NOT NULL,
  `VEHICLE_STATUS` enum('ACTIVE','INACTIVE') NOT NULL
) ENGINE=InnoDB DEFAULT CHARSET=utf8;

--
-- Volcado de datos para la tabla `CORE_VEHICLES`
--

INSERT INTO `CORE_VEHICLES` VALUES(2020, 'UAZ-8146', '2017', 'SONIC', 'CHEVROLET', 'GRAY', 'SEDAN', '1', 'ACTIVE');

-- --------------------------------------------------------

--
-- Estructura Stand-in para la vista `view_call_information`
-- (Véase abajo para la vista actual)
--
DROP VIEW IF EXISTS `view_call_information`;
CREATE TABLE `view_call_information` (
`CALL_ID` int(10) unsigned
,`CALL_DAY_NUMBER` int(10) unsigned
,`CALL_LINE` varchar(3)
,`CALL_DATE_TIME` datetime
,`CALL_PHONE` varchar(15)
,`CALL_STATUS` enum('NEW','CANCELLED','DISPATCHED','ON TRIP','COMPLETED')
,`CALL_DISPATCH_DATE_TIME` datetime
,`CALL_DISPATCH_TYPE` enum('DRIVER','DISPATCHER','AUTO')
,`CALL_REGISTER_TYPE` enum('CALL','OFFICE','APP')
,`CALL_OPERATOR` int(10) unsigned
,`CALL_CAR_TYPE` enum('SEDAN','MINIVAN','SUV')
,`TRIP_AMOUNT` float
,`TRIP_DISTANCE` float
,`TRIP_END_TIME` int(10) unsigned
,`TRIP_ETA` varchar(10)
,`TRIP_START_TIME` int(10) unsigned
,`TRIP_STATUS` enum('REQUESTED','ONGOING','COMPLETED','CANCELLED')
,`TRIP_VEHICLE` int(10) unsigned
,`PICKUP_NAME` varchar(250)
,`PICKUP_NUMBER` varchar(15)
,`PICKUP_STREET` varchar(80)
,`PICKUP_CITY` varchar(80)
,`PICKUP_STATE` varchar(80)
,`PICKUP_ZIP` varchar(15)
,`DEST_NAME` varchar(250)
,`DEST_NUMBER` varchar(15)
,`DEST_STREET` varchar(80)
,`DEST_CITY` varchar(80)
,`DEST_STATE` varchar(80)
,`DEST_ZIP` varchar(15)
);

-- --------------------------------------------------------

--
-- Estructura para la vista `view_call_information`
--
DROP TABLE IF EXISTS `view_call_information`;

CREATE ALGORITHM=UNDEFINED DEFINER=`root`@`localhost` SQL SECURITY DEFINER VIEW `view_call_information`  AS  select `core_calls`.`CALL_ID` AS `CALL_ID`,`core_calls`.`CALL_DAY_NUMBER` AS `CALL_DAY_NUMBER`,`core_calls`.`CALL_LINE` AS `CALL_LINE`,`core_calls`.`CALL_DATE_TIME` AS `CALL_DATE_TIME`,`core_calls`.`CALL_PHONE` AS `CALL_PHONE`,`core_calls`.`CALL_STATUS` AS `CALL_STATUS`,`core_calls`.`CALL_DISPATCH_DATE_TIME` AS `CALL_DISPATCH_DATE_TIME`,`core_calls`.`CALL_DISPATCH_TYPE` AS `CALL_DISPATCH_TYPE`,`core_calls`.`CALL_REGISTER_TYPE` AS `CALL_REGISTER_TYPE`,`core_calls`.`CALL_OPERATOR` AS `CALL_OPERATOR`,`core_calls`.`CALL_CAR_TYPE` AS `CALL_CAR_TYPE`,`core_trips`.`TRIP_AMOUNT` AS `TRIP_AMOUNT`,`core_trips`.`TRIP_DISTANCE` AS `TRIP_DISTANCE`,`core_trips`.`TRIP_END_TIME` AS `TRIP_END_TIME`,`core_trips`.`TRIP_ETA` AS `TRIP_ETA`,`core_trips`.`TRIP_START_TIME` AS `TRIP_START_TIME`,`core_trips`.`TRIP_STATUS` AS `TRIP_STATUS`,`core_trips`.`TRIP_VEHICLE` AS `TRIP_VEHICLE`,`PICKUP`.`PLACE_MAPS_NAME` AS `PICKUP_NAME`,`PICKUP`.`PLACE_NUMBER` AS `PICKUP_NUMBER`,`PICKUP`.`PLACE_STREET` AS `PICKUP_STREET`,`PICKUP`.`PLACE_CITY` AS `PICKUP_CITY`,`PICKUP`.`PLACE_STATE` AS `PICKUP_STATE`,`PICKUP`.`PLACE_ZIP` AS `PICKUP_ZIP`,`DESTINATION`.`PLACE_MAPS_NAME` AS `DEST_NAME`,`DESTINATION`.`PLACE_NUMBER` AS `DEST_NUMBER`,`DESTINATION`.`PLACE_STREET` AS `DEST_STREET`,`DESTINATION`.`PLACE_CITY` AS `DEST_CITY`,`DESTINATION`.`PLACE_STATE` AS `DEST_STATE`,`DESTINATION`.`PLACE_ZIP` AS `DEST_ZIP` from (((`core_calls` join `core_trips` on((`core_trips`.`TRIP_CALL` = `core_calls`.`CALL_ID`))) join `core_places` `PICKUP` on((`PICKUP`.`PLACE_ID` = `core_trips`.`TRIP_PICKUP`))) join `core_places` `DESTINATION` on((`DESTINATION`.`PLACE_ID` = `core_trips`.`TRIP_DESTINATION`))) ;

--
-- Índices para tablas volcadas
--

--
-- Indices de la tabla `ACCESS_DRIVERS`
--
ALTER TABLE `ACCESS_DRIVERS`
  ADD PRIMARY KEY (`DRIVER_ID`),
  ADD KEY `DRIVER_CAR` (`DRIVER_CAR`);

--
-- Indices de la tabla `CORE_CALLS`
--
ALTER TABLE `CORE_CALLS`
  ADD PRIMARY KEY (`CALL_ID`);

--
-- Indices de la tabla `CORE_PLACES`
--
ALTER TABLE `CORE_PLACES`
  ADD PRIMARY KEY (`PLACE_ID`);

--
-- Indices de la tabla `CORE_TRIPS`
--
ALTER TABLE `CORE_TRIPS`
  ADD PRIMARY KEY (`TRIP_ID`),
  ADD KEY `FKTRIPCALL_idx` (`TRIP_CALL`),
  ADD KEY `FKTRIPVEHICLE_idx` (`TRIP_VEHICLE`),
  ADD KEY `FKPICKUPPLACE_idx` (`TRIP_PICKUP`),
  ADD KEY `FKDESTPLACE_idx` (`TRIP_DESTINATION`);

--
-- Indices de la tabla `CORE_TRIP_STOPS`
--
ALTER TABLE `CORE_TRIP_STOPS`
  ADD PRIMARY KEY (`TRIPSTOP_ID`),
  ADD KEY `FKTRPSTPTRIP_idx` (`TRIPSTOP_TRIP`),
  ADD KEY `FKTRPSTPPLACE_idx` (`TRIPSTOP_PLACE`);

--
-- Indices de la tabla `CORE_VEHICLES`
--
ALTER TABLE `CORE_VEHICLES`
  ADD PRIMARY KEY (`VEHICLE_ID`);

--
-- AUTO_INCREMENT de las tablas volcadas
--

--
-- AUTO_INCREMENT de la tabla `ACCESS_DRIVERS`
--
ALTER TABLE `ACCESS_DRIVERS`
  MODIFY `DRIVER_ID` int(10) UNSIGNED NOT NULL AUTO_INCREMENT, AUTO_INCREMENT=2;

--
-- AUTO_INCREMENT de la tabla `CORE_CALLS`
--
ALTER TABLE `CORE_CALLS`
  MODIFY `CALL_ID` int(10) UNSIGNED NOT NULL AUTO_INCREMENT, AUTO_INCREMENT=24;

--
-- AUTO_INCREMENT de la tabla `CORE_PLACES`
--
ALTER TABLE `CORE_PLACES`
  MODIFY `PLACE_ID` int(10) UNSIGNED NOT NULL AUTO_INCREMENT, AUTO_INCREMENT=26;

--
-- AUTO_INCREMENT de la tabla `CORE_TRIPS`
--
ALTER TABLE `CORE_TRIPS`
  MODIFY `TRIP_ID` int(10) UNSIGNED NOT NULL AUTO_INCREMENT, AUTO_INCREMENT=24;

--
-- AUTO_INCREMENT de la tabla `CORE_TRIP_STOPS`
--
ALTER TABLE `CORE_TRIP_STOPS`
  MODIFY `TRIPSTOP_ID` int(10) UNSIGNED NOT NULL AUTO_INCREMENT;

--
-- AUTO_INCREMENT de la tabla `CORE_VEHICLES`
--
ALTER TABLE `CORE_VEHICLES`
  MODIFY `VEHICLE_ID` int(10) UNSIGNED NOT NULL AUTO_INCREMENT, AUTO_INCREMENT=2021;

--
-- Restricciones para tablas volcadas
--

--
-- Filtros para la tabla `ACCESS_DRIVERS`
--
ALTER TABLE `ACCESS_DRIVERS`
  ADD CONSTRAINT `access_drivers_ibfk_1` FOREIGN KEY (`DRIVER_CAR`) REFERENCES `core_vehicles` (`VEHICLE_ID`);

--
-- Filtros para la tabla `CORE_TRIPS`
--
ALTER TABLE `CORE_TRIPS`
  ADD CONSTRAINT `FKDESTPLACE` FOREIGN KEY (`TRIP_DESTINATION`) REFERENCES `core_places` (`PLACE_ID`),
  ADD CONSTRAINT `FKPICKUPPLACE` FOREIGN KEY (`TRIP_PICKUP`) REFERENCES `core_places` (`PLACE_ID`),
  ADD CONSTRAINT `FKTRIPCALL` FOREIGN KEY (`TRIP_CALL`) REFERENCES `core_calls` (`CALL_ID`),
  ADD CONSTRAINT `FKTRIPVEHICLE` FOREIGN KEY (`TRIP_VEHICLE`) REFERENCES `core_vehicles` (`VEHICLE_ID`);

--
-- Filtros para la tabla `CORE_TRIP_STOPS`
--
ALTER TABLE `CORE_TRIP_STOPS`
  ADD CONSTRAINT `FKTRPSTPPLACE` FOREIGN KEY (`TRIPSTOP_PLACE`) REFERENCES `core_places` (`PLACE_ID`),
  ADD CONSTRAINT `FKTRPSTPTRIP` FOREIGN KEY (`TRIPSTOP_TRIP`) REFERENCES `core_trips` (`TRIP_ID`);
COMMIT;

/*!40101 SET CHARACTER_SET_CLIENT=@OLD_CHARACTER_SET_CLIENT */;
/*!40101 SET CHARACTER_SET_RESULTS=@OLD_CHARACTER_SET_RESULTS */;
/*!40101 SET COLLATION_CONNECTION=@OLD_COLLATION_CONNECTION */;
